StructureName,MOS,MG,CELLHEIGHT,DEVWIDTH,UnitCellSizeOgd,UnitCellSizePgd,ArraySizeOgd,ArraySizePgd,FTIPattern,PolyPlugs,TCNPlugs,VcxPattern,M0CutPattern,LO1ActiveTracks,HI1ActiveTracks,VcrPattern,VcrNubPattern,ResizeShift
CTG110-NZ1-H-A:SDR:OGD:REF:2TRK,N,HVT,110,27,24,4,5,10,"0:Skip:3:Repeat,All","1:3:Skip:1:Repeat,3/4","All,4/5","vg,1:3:Skip:1:Repeat,6;  vt,0:r0:Skip:3,14;  vt,1:r0:Skip:3,14;  vt,2:r0:Skip:3,14;  ","2:r2:Skip:5,1:3:Skip:1/r3:r1:Skip:1",14,6,,,"vg,0.002,0.0,0.0,0.0"
CTG110-NPZ1-H-A:SDR:OGD:REF:2TRK,NP,HVT,110,27,24,4,5,20,"0:Skip:3:Repeat,2:5","1:3:Skip:1:Repeat,3/4","All,4/5","vg,1:3:Skip:1:Repeat,6;  vt,0:r0:Skip:3,14;  vt,1:r0:Skip:3,14;  vt,2:r0:Skip:3,14;  ","2:r2:Skip:5,1:3:Skip:1/r3:r1:Skip:1",14,6,,,"vg,0.00,0.02,0.0,0.0;vt,0.0,0.02,0.0,0.0"
CTG110-PZ1-H-A:SDR:OGD:REF:2TRK,P,HVT,110,27,24,4,5,30,"0:Skip:3:Repeat,All","1:3:Skip:1:Repeat,3/4","All,4/5","vg,1:3:Skip:1:Repeat,6;  vt,0:r0:Skip:3,14;  vt,1:r0:Skip:3,14;  vt,2:r0:Skip:3,14;  ","2:r2:Skip:5,1:3:Skip:1/r3:r1:Skip:1",14,6,,,"vt,0.0,0.0,0.05,0.05"
CTG132-NZ5-S-A:SDR:OGD:REF:2TRK,N,SVT,132,46,24,4,5,30,"0:Skip:3:Repeat,All","1:3:Skip:1:Repeat,3/4","All,4/5","vg,1:3:Skip:1:Repeat,6;  vt,0:r0:Skip:3,14;  vt,1:r0:Skip:3,14;  vt,2:r0:Skip:3,14;  ","2:r2:Skip:5,1:3:Skip:1/r3:r1:Skip:1",14,6,"All,5","1:3:Skip:2:Repeat,5,top",
CTG132-NPZ5-S-A:SDR:OGD:REF:2TRK,NP,SVT,132,46,24,4,5,20,"0:Skip:3:Repeat,2:5","1:3:Skip:1:Repeat,3/4","All,4/5","vg,1:3:Skip:1:Repeat,6;  vt,0:r0:Skip:3,14;  vt,1:r0:Skip:3,14;  vt,2:r0:Skip:3,14;  ","2:r2:Skip:5,1:3:Skip:1/r3:r1:Skip:1",14,6,,,
CTG132-PZ5-S-A:SDR:OGD:REF:2TRK,P,SVT,132,46,24,4,5,40,"0:Skip:3:Repeat,All","1:3:Skip:1:Repeat,3/4","All,4/5","vg,1:3:Skip:1:Repeat,6;  vt,0:r0:Skip:3,14;  vt,1:r0:Skip:3,14;  vt,2:r0:Skip:3,14;  ","2:r2:Skip:5,1:3:Skip:1/r3:r1:Skip:1",14,6,,,
CTG165-NZ7-L-A:SDR:OGD:REF:2TRK,N,LVT,165,62,24,4,5,50,"0:Skip:3:Repeat,All","1:3:Skip:1:Repeat,3/4","All,4/5","vg,1:3:Skip:1:Repeat,7;  vt,0:r0:Skip:3,17;  vt,1:r0:Skip:3,17;  vt,2:r0:Skip:3,17;  ","2:r2:Skip:5,2:4:Skip:1/r4:r2:Skip:1",17,7,,,
CTG165-NPZ7-L-A:SDR:OGD:REF:2TRK,NP,LVT,165,62,24,4,5,60,"0:Skip:3:Repeat,2:5","1:3:Skip:1:Repeat,3/4","All,4/5","vg,1:3:Skip:1:Repeat,7;  vt,0:r0:Skip:3,17;  vt,1:r0:Skip:3,17;  vt,2:r0:Skip:3,17;  ","2:r2:Skip:5,2:4:Skip:1/r4:r2:Skip:1",17,7,,,
CTG165-PZ7-L-A:SDR:OGD:REF:2TRK,P,LVT,165,62,24,4,5,10,"0:Skip:3:Repeat,All","1:3:Skip:1:Repeat,3/4","All,4/5","vg,1:3:Skip:1:Repeat,7;  vt,0:r0:Skip:3,17;  vt,1:r0:Skip:3,17;  vt,2:r0:Skip:3,17;  ","2:r2:Skip:5,2:4:Skip:1/r4:r2:Skip:1",17,7,,,
CTG132-NZ5-L-B:NGLK:OGD:REF:2TRK,N,LVT,132,46,24,4,5,20,"0:Skip:3:Repeat,2:5",,"All,3/5","vg,1:3:Skip:1:Repeat,9/11;  vt,0:r0:Skip:3,6/14;  vt,1:r0:Skip:3,6/14;  vt,2:r0:Skip:3,6/14;  ","2:r2:Skip:5,1:3:Skip:1/r3:r1:Skip:1",6;14,9;11,,,
CTG132-NPZ5-L-B:NGLK:OGD:REF:2TRK,NP,LVT,132,46,24,4,5,10,"0:Skip:3:Repeat,2:5",,"All,3/5","vg,1:3:Skip:1:Repeat,9/11;  vt,0:r0:Skip:3,6/14;  vt,1:r0:Skip:3,6/14;  vt,2:r0:Skip:3,6/14;  ","2:r2:Skip:5,1:3:Skip:1/r3:r1:Skip:1",6;14,9;11,,,
CTG132-PZ5-L-B:NGLK:OGD:REF:2TRK,P,LVT,132,46,24,4,5,30,"0:Skip:3:Repeat,2:5",,"All,3/5","vg,1:3:Skip:1:Repeat,9/11;  vt,0:r0:Skip:3,6/14;  vt,1:r0:Skip:3,6/14;  vt,2:r0:Skip:3,6/14;  ","2:r2:Skip:5,1:3:Skip:1/r3:r1:Skip:1",6;14,9;11,,,
CTG165-NZ7-L-B:NGLK:OGD:REF:2TRK,N,LVT,165,62,24,4,5,20,"0:Skip:3:Repeat,2:5",,"All,3/5","vg,1:3:Skip:1:Repeat,11/13;  vt,0:r0:Skip:3,7/17;  vt,1:r0:Skip:3,7/17;  vt,2:r0:Skip:3,7/17;  ","2:r2:Skip:5,2:4:Skip:1/r4:r2:Skip:1",7;17,11;13,,,
CTG165-NPZ7-L-B:NGLK:OGD:REF:2TRK,NP,LVT,165,62,24,4,5,40,"0:Skip:3:Repeat,2:5",,"All,3/5","vg,1:3:Skip:1:Repeat,11/13;  vt,0:r0:Skip:3,7/17;  vt,1:r0:Skip:3,7/17;  vt,2:r0:Skip:3,7/17;  ","2:r2:Skip:5,2:4:Skip:1/r4:r2:Skip:1",7;17,11;13,,,
CTG165-PZ7-L-B:NGLK:OGD:REF:2TRK,P,LVT,165,62,24,4,5,50,"0:Skip:3:Repeat,2:5",,"All,3/5","vg,1:3:Skip:1:Repeat,11/13;  vt,0:r0:Skip:3,7/17;  vt,1:r0:Skip:3,7/17;  vt,2:r0:Skip:3,7/17;  ","2:r2:Skip:5,2:4:Skip:1/r4:r2:Skip:1",7;17,11;13,"1:3:Skip:1:Repeat,4/5","2:Skip:3:Repeat,4/5,bottom","vcrnub,0.0,0.0,0.0,-0.03"
CTG132-NZ5-L-C:NTLK:OGD:REF:2TRK,N,LVT,132,46,24,4,5,10,"0:Skip:3:Repeat,2:5","1:3:Skip:1:Repeat,3/5",,"vg,1:3:Skip:1:Repeat,9/11;  vt,0:r0:Skip:3,6/14;  vt,1:r0:Skip:3,6/14;  vt,2:r0:Skip:3,6/14;  ","2:r2:Skip:5,1:3:Skip:1/r3:r1:Skip:1",6;14,9;11,,,
CTG132-NPZ5-L-C:NTLK:OGD:REF:2TRK,NP,LVT,132,46,24,4,5,30,"0:Skip:3:Repeat,2:5","1:3:Skip:1:Repeat,3/5",,"vg,1:3:Skip:1:Repeat,9/11;  vt,0:r0:Skip:3,6/14;  vt,1:r0:Skip:3,6/14;  vt,2:r0:Skip:3,6/14;  ","2:r2:Skip:5,1:3:Skip:1/r3:r1:Skip:1",6;14,9;11,,,
CTG132-PZ5-L-C:NTLK:OGD:REF:2TRK,P,LVT,132,46,24,4,5,10,"0:Skip:3:Repeat,2:5","1:3:Skip:1:Repeat,3/5",,"vg,1:3:Skip:1:Repeat,9/11;  vt,0:r0:Skip:3,6/14;  vt,1:r0:Skip:3,6/14;  vt,2:r0:Skip:3,6/14;  ","2:r2:Skip:5,1:3:Skip:1/r3:r1:Skip:1",6;14,9;11,,,
CTG165-NZ7-L-C:NTLK:OGD:REF:2TRK,N,LVT,165,62,24,4,5,20,"0:Skip:3:Repeat,2:5","1:3:Skip:1:Repeat,3/5",,"vg,1:3:Skip:1:Repeat,11/13;  vt,0:r0:Skip:3,7/17;  vt,1:r0:Skip:3,7/17;  vt,2:r0:Skip:3,7/17;  ","2:r2:Skip:5,2:4:Skip:1/r4:r2:Skip:1",7;17,11;13,,,
CTG165-NPZ7-L-C:NTLK:OGD:REF:2TRK,NP,LVT,165,62,24,4,5,60,"0:Skip:3:Repeat,2:5","1:3:Skip:1:Repeat,3/5",,"vg,1:3:Skip:1:Repeat,11/13;  vt,0:r0:Skip:3,7/17;  vt,1:r0:Skip:3,7/17;  vt,2:r0:Skip:3,7/17;  ","2:r2:Skip:5,2:4:Skip:1/r4:r2:Skip:1",7;17,11;13,"All,All","2:Skip:3:Repeat,2,both; 1:Skip:3:Repeat,3,top ","vcrnub,0.0,0.005,0.0,-0.02;vcr,0.00,0.005,0.0,0.01"
CTG165-PZ7-L-C:NTLK:OGD:REF:2TRK,P,LVT,165,62,24,4,5,30,"0:Skip:3:Repeat,2:5","1:3:Skip:1:Repeat,3/5",,"vg,1:3:Skip:1:Repeat,11/13;  vt,0:r0:Skip:3,7/17;  vt,1:r0:Skip:3,7/17;  vt,2:r0:Skip:3,7/17;  ","2:r2:Skip:5,2:4:Skip:1/r4:r2:Skip:1",7;17,11;13,,,
CTG132-NZ5-L-D:NLNK:OGD:REF:1TRK,N,LVT,132,46,24,4,5,40,"0:Skip:3:Repeat,2:5",,,"vg,1:3:Skip:1:Repeat,3/7-bottom/13/17-bottom;  vt,0:r0:Skip:3,4/6/14/16;  vt,1:r0:Skip:3,4/6/14/16;  vt,2:r0:Skip:3,4/6/14/16;  ","2:r2:Skip:5,1/r1",,,,,
CTG132-NPZ5-L-D:NLNK:OGD:REF:1TRK,NP,LVT,132,46,24,4,5,20,"0:Skip:3:Repeat,2:5",,,"vg,1:3:Skip:1:Repeat,3/7-bottom/13/17-bottom;  vt,0:r0:Skip:3,4/6/14/16;  vt,1:r0:Skip:3,4/6/14/16;  vt,2:r0:Skip:3,4/6/14/16;  ","2:r2:Skip:5,1/r1",,,,,
CTG132-PZ5-L-D:NLNK:OGD:REF:1TRK,P,LVT,132,46,24,4,5,10,"0:Skip:3:Repeat,2:5",,,"vg,1:3:Skip:1:Repeat,3/7-bottom/13/17-bottom;  vt,0:r0:Skip:3,4/6/14/16;  vt,1:r0:Skip:3,4/6/14/16;  vt,2:r0:Skip:3,4/6/14/16;  ","2:r2:Skip:5,1/r1",,,,,
CTG165-NZ7-L-D:NLNK:OGD:REF:1TRK,N,LVT,165,62,24,4,5,20,"0:Skip:3:Repeat,2:5",,,"vg,1:3:Skip:1:Repeat,8-bottom/10/14-bottom/16;  vt,0:r0:Skip:3,7/11/13/17;  vt,1:r0:Skip:3,7/11/13/17;  vt,2:r0:Skip:3,7/11/13/17;  ","2:r2:Skip:5,2:4:Skip:1/r4:r2:Skip:1",7;11;13;17,8;10;14;16,,,
CTG165-NPZ7-L-D:NLNK:OGD:REF:1TRK,NP,LVT,165,62,24,4,5,50,"0:Skip:3:Repeat,2:5",,,"vg,1:3:Skip:1:Repeat,8-bottom/10/14-bottom/16;  vt,0:r0:Skip:3,7/11/13/17;  vt,1:r0:Skip:3,7/11/13/17;  vt,2:r0:Skip:3,7/11/13/17;  ","2:r2:Skip:5,2:4:Skip:1/r4:r2:Skip:1",7;11;13;17,8;10;14;16,,,
CTG165-PZ7-L-D:NLNK:OGD:REF:1TRK,P,LVT,165,62,24,4,5,60,"0:Skip:3:Repeat,2:5",,,"vg,1:3:Skip:1:Repeat,8-bottom/10/14-bottom/16;  vt,0:r0:Skip:3,7/11/13/17;  vt,1:r0:Skip:3,7/11/13/17;  vt,2:r0:Skip:3,7/11/13/17;  ","2:r2:Skip:5,2:4:Skip:1/r4:r2:Skip:1",7;11;13;17,8;10;14;16,,,
GATEETE-NZ7-L-A:SDR:OGD:REF:2TRK,N,ELVT,165,62,24,4,5,50,"0:Skip:3:Repeat,All","1:3:Skip:1:Repeat,3/4","All,4/5","vg,1:3:Skip:1:Repeat,17;  ","2:r2:Skip:5,2:4:Skip:1/r4:r2:Skip:1",7,17,,,"vg,0.00,0.0,-0.05,0.0"
GATEETE-PZ5-L-B:NGLK:OGD:REF:2TRK,P,ULVT,132,46,24,4,5,30,"0:Skip:3:Repeat,2:5",,"All,3/5","vg,1:3:Skip:1:Repeat,9/11/6/14;  ","2:r2:Skip:5,1:3:Skip:1/r3:r1:Skip:1",9;6,11;14,,,
TCNETE-NZ7-L-C:NTLK:OGD:REF:2TRK,N,SVT,165,62,24,4,5,20,"0:Skip:3:Repeat,2:5","1:3:Skip:1:Repeat,3/5",,"vt,1:3:Skip:1:Repeat,11/13/7/17","2:r2:Skip:5,2:4:Skip:1/r4:r2:Skip:1",13;7,11;17,,,
TCNETE-PZ5-L-D:NLNK:OGD:REF:1TRK,P,HVT,132,46,24,4,5,10,"0:Skip:3:Repeat,2:5",,,"vt,1:3:Skip:1:Repeat,3/7/14/16;","2:r2:Skip:5,1/r1",3;7,14;16,,,
GATEETE-NPZ5-S-A:SDR:OGD:REF:2TRK,NP,ELVT,132,46,24,4,5,20,"0:Skip:3:Repeat,2:5","1:3:Skip:1:Repeat,3/4","All,4/5","vg,1:3:Skip:1:Repeat,14/6;","2:r2:Skip:5,1:3:Skip:1/r3:r1:Skip:1",6,14,,,
TCNETE-NPZ7-L-B:NGLK:OGD:REF:2TRK,NP,LVT,165,62,24,4,5,40,"0:Skip:3:Repeat,2:5",,"All,3/5","vt,1:3:Skip:1:Repeat,7/11","2:r2:Skip:5,2:4:Skip:1/r4:r2:Skip:1",7;11,17;13,,,"vt,0.002,0.005,-0.05,0.005"
