StructureName,LayoutFiles,MOS,MG,CELLHEIGHT,DEVWIDTH,UnitCellSizeOgd,UnitCellSizePgd,ArraySizeOgd,ArraySizePgd,FTIPattern,PolyPlugs,TCNPlugs,VcxPattern,M0CutPattern
CTG132-NZ5-S-A:SDR:OGD:REF:2TRK,x81as_ctg_test_inst1.txt,N,SVT,132,40,30,4,5,20,"0:Skip:6:Repeat,All","1:6:Skip:1:Repeat,3/4","All,4/5","vg,1:6:Skip:1:Repeat,6;  vt,All,14","2:r2:Skip:5,1:3:Skip:1/r3:r1:Skip:1"
CTG132-NPZ5-S-A:SDR:OGD:REF:2TRK,x81as_ctg_test_inst2.txt,NP,HVT,132,46,24,4,5,20,"0:Skip:9:Repeat,2:5","1:3:Skip:1:Repeat,3/5","All,4/5/6","vg,1:3:Skip:1:Repeat,6;  vt,0:r0:Skip:3,14;  vt,1:r0:Skip:3,14;  vt,2:r0:Skip:3,14;  ","2:r2:Skip:5,1:3:Skip:1/r3:r1:Skip:1"
CTG132-PZ5-S-A:SDR:OGD:REF:2TRK,x81as_ctg_test_inst3.txt,P,ULVT,132,35,36,4,5,20,"0:Skip:3:Repeat,All","1:3:Skip:1:Repeat,3/4","All,3/5","vg,1:3:Skip:1:Repeat,6;  vt,0:r0:Skip:3,14;  vt,1:r0:Skip:3,14;  vt,2:r0:Skip:3,14;  ","2:r2:Skip:5,1:3:Skip:1/r3:r1:Skip:1"
CTG132-NZ5-L-B:NGLK:OGD:REF:2TRK,x81as_ctg_test_inst4.txt,N,ELVT,132,46,24,4,5,20,"0:Skip:3:Repeat,2:5",,"All,3:5","vg,1:3:Skip:1:Repeat,9/11;  vt,0:r0:Skip:3,6/14;  vt,1:r0:Skip:3,6/14;  vt,2:r0:Skip:3,6/14;  ","2:r2:Skip:5,1:3:Skip:1/r3:r1:Skip:1"
CTG132-NPZ5-L-B:NGLK:OGD:REF:2TRK,x81as_ctg_test_inst5.txt,NP,LVT,132,31,24,4,5,20,"0:Skip:3:Repeat,2:5",,"All,All","vg,1:3:Skip:1:Repeat,9/11;  vt,0:r0:Skip:3,6/14;  vt,1:r0:Skip:3,6/14;  vt,2:r0:Skip:3,6/14;  ","2:r2:Skip:5,1:3:Skip:1/r3:r1:Skip:1"
CTG132-PZ5-L-B:NGLK:OGD:REF:2TRK,x81as_ctg_test_inst6.txt,P,SVT,132,35,24,4,5,20,"0:Skip:3:Repeat,1:6",,"All,3/5","vg,1:3:Skip:1:Repeat,9/11;  vt,0:r0:Skip:3,6/14;  vt,1:r0:Skip:3,6/14;  vt,2:r0:Skip:3,6/14;  ","2:r2:Skip:5,1:3:Skip:1/r3:r1:Skip:1"
CTG132-NZ5-L-C:NTLK:OGD:REF:2TRK,x81as_ctg_test_inst7.txt,N,HVT,132,46,24,4,5,20,"0:Skip:3:Repeat,2:5","1:3:Skip:1:Repeat,3/6",,"vg,1:3:Skip:1:Repeat,9/11;  vt,0:r0:Skip:3,6/14;  vt,1:r0:Skip:3,6/14;  vt,2:r0:Skip:3,6/14;  ","2:r2:Skip:5,1:3:Skip:1/r3:r1:Skip:1"
CTG132-NPZ5-L-C:NTLK:OGD:REF:2TRK,x81as_ctg_test_inst8.txt,NP,ULVT,132,40,18,4,5,20,"0:Skip:8:Repeat,1:5","1:8:Skip:1:Repeat,2/3",,"vg,1:8:Skip:1:Repeat,9/11;  vt,0:r0:Skip:3,6/14;  vt,1:r0:Skip:3,6/14;  vt,2:r0:Skip:3,6/14;  ","2:r2:Skip:5,1:3:Skip:1/r3:r1:Skip:1"
CTG132-PZ5-L-C:NTLK:OGD:REF:2TRK,x81as_ctg_test_inst9.txt,P,ELVT,132,31,24,4,5,20,"0:Skip:4:Repeat,2:5","1:3:Skip:1:Repeat,3/5",,"vg,1:4:Skip:1:Repeat,9/11;  vt,0:r0:Skip:3,6/14;  vt,1:r0:Skip:3,6/14;  vt,2:r0:Skip:3,6/14;  ","2:r2:Skip:5,1:3:Skip:1/r3:r1:Skip:1"
CTG132-NZ5-L-D:NLNK:OGD:REF:1TRK,x81as_ctg_test_inst10.txt,N,LVT,132,40,24,4,5,20,"0:Skip:3:Repeat,2:6",,,"vg,1:3:Skip:1:Repeat,3/7-bottom/13/17-bottom;  vt,0:r0:Skip:3,4/6/14/16;  vt,1:r0:Skip:3,4/6/14/16;  vt,2:r0:Skip:3,4/6/14/16;  ","2:r2:Skip:5,1/r1"
CTG132-NPZ5-L-D:NLNK:OGD:REF:1TRK,x81as_ctg_test_inst11.txt,NP,ULVT,132,35,24,4,5,20,"0:Skip:3:Repeat,2:5",,,"vg,1:3:Skip:1:Repeat,3/7-bottom/13/17-bottom;  vt,0:r0:Skip:3,4/6/14/16;  vt,1:r0:Skip:3,4/6/14/16;  vt,2:r0:Skip:3,4/6/14/16;  ","2:r2:Skip:5,1/r1"
CTG132-PZ5-L-D:NLNK:OGD:REF:1TRK,x81as_ctg_test_inst12.txt,P,HVT,132,31,24,4,5,20,"0:Skip:7:Repeat,2:5",,,"vg,1:7:Skip:1:Repeat,3/7-bottom/13/17-bottom;  vt,0:r0:Skip:3,4/6/14/16;  vt,1:r0:Skip:3,4/6/14/16;  vt,2:r0:Skip:3,4/6/14/16;  ","2:r2:Skip:5,1/r1"
