skipPins,frtMethod,kernelAlign,zoneAlign,zone,orient,FRT_LO1,PAD_LO1,FRT_HI1,PAD_HI1,FRT_LO2,PAD_LO2,FRT_HI2,PAD_HI2,Test Type,Scalar,Force,Group,LO1,HI1,LO2,HI2
LO2 HI2,autowire,CC,CC,BP1,R0,S8.0 W9.0 N0.5,1,S8.0 E9.0 N0.5,2,,,,,,,,,1,2,,
LO2 HI2,autowire,CC,CC,BP2,R0,S8.0 W9.0 N0.5,2,S8.0 E9.0 N0.5,3,,,,,,,,,2,3,,
LO2 HI2,autowire,CC,CC,BP3,R0,S8.0 W9.0 N0.5,3,S8.0 E9.0 N0.5,4,,,,,,,,,3,4,,
LO2 HI2,autowire,CC,CC,BP4,R0,S8.0 W9.0 N0.5,4,S8.0 E9.0 N0.5,5,,,,,,,,,4,5,,
LO2 HI2,autowire,CC,CC,BP5,R0,S8.0 W9.0 N0.5,5,S8.0 E9.0 N0.5,6,,,,,,,,,5,6,,
LO2 HI2,autowire,CC,CC,BP6,R0,S8.0 W9.0 N0.5,6,S8.0 E9.0 N0.5,7,,,,,,,,,6,7,,
LO2 HI2,autowire,CC,CC,BP7,R0,S8.0 W9.0 N0.5,7,S8.0 E9.0 N0.5,8,,,,,,,,,7,8,,
LO2 HI2,autowire,CC,CC,BP9,R0,S8.0 W9.0 N0.5,9,S8.0 E9.0 N0.5,10,,,,,,,,,9,10,,
LO2 HI2,autowire,CC,CC,BP10,R0,S8.0 W9.0 N0.5,10,S8.0 E9.0 N0.5,11,,,,,,,,,10,11,,
LO2 HI2,autowire,CC,CC,BP11,R0,S8.0 W9.0 N0.5,11,S8.0 E9.0 N0.5,12,,,,,,,,,11,12,,
LO2 HI2,autowire,CC,CC,BP12,R0,S8.0 W9.0 N0.5,12,S8.0 E9.0 N0.5,13,,,,,,,,,12,13,,
LO2 HI2,autowire,CC,CC,BP13,R0,S8.0 W9.0 N0.5,13,S8.0 E9.0 N0.5,14,,,,,,,,,13,14,,
LO2 HI2,autowire,CC,CC,BP14,R0,S8.0 W9.0 N0.5,14,S8.0 E9.0 N0.5,15,,,,,,,,,14,15,,
LO2 HI2,autowire,CC,CC,BP15,R0,S8.0 W9.0 N0.5,15,S8.0 E9.0 N0.5,16,,,,,,,,,15,16,,
LO2 HI2,autowire,CC,CC,BP17,R0,S8.0 W9.0 N0.5,17,S8.0 E9.0 N0.5,18,,,,,,,,,17,18,,
LO2 HI2,autowire,CC,CC,BP18,R0,S8.0 W9.0 N0.5,18,S8.0 E9.0 N0.5,19,,,,,,,,,18,19,,
LO2 HI2,autowire,CC,CC,BP19,R0,S8.0 W9.0 N0.5,19,S8.0 E9.0 N0.5,20,,,,,,,,,19,20,,
LO2 HI2,autowire,CC,CC,BP20,R0,S8.0 W9.0 N0.5,20,S8.0 E9.0 N0.5,21,,,,,,,,,20,21,,
LO2 HI2,autowire,CC,CC,BP21,R0,S8.0 W9.0 N0.5,21,S8.0 E9.0 N0.5,22,,,,,,,,,21,22,,
LO2 HI2,autowire,CC,CC,BP22,R0,S8.0 W9.0 N0.5,22,S8.0 E9.0 N0.5,23,,,,,,,,,22,23,,
LO2 HI2,autowire,CC,CC,BP23,R0,S8.0 W9.0 N0.5,23,S8.0 E9.0 N0.5,24,,,,,,,,,23,24,,
LO2 HI2,autowire,CC,CC,BP25,R0,S8.0 W9.0 N0.5,25,S8.0 E9.0 N0.5,26,,,,,,,,,25,26,,
LO2 HI2,autowire,CC,CC,BP26,R0,S8.0 W9.0 N0.5,26,S8.0 E9.0 N0.5,27,,,,,,,,,26,27,,
LO2 HI2,autowire,CC,CC,BP27,R0,S8.0 W9.0 N0.5,27,S8.0 E9.0 N0.5,28,,,,,,,,,27,28,,
LO2 HI2,autowire,CC,CC,BP28,R0,S8.0 W9.0 N0.5,28,S8.0 E9.0 N0.5,29,,,,,,,,,28,29,,
LO2 HI2,autowire,CC,CC,BP29,R0,S8.0 W9.0 N0.5,29,S8.0 E9.0 N0.5,30,,,,,,,,,29,30,,
LO2 HI2,autowire,CC,CC,BP30,R0,S8.0 W9.0 N0.5,30,S8.0 E9.0 N0.5,31,,,,,,,,,30,31,,
LO2 HI2,autowire,CC,CC,BP31,R0,S8.0 W9.0 N0.5,31,S8.0 E9.0 N0.5,32,,,,,,,,,31,32,,
LO2 HI2,autowire,CC,CC,BP33,R0,S8.0 W9.0 N0.5,33,S8.0 E9.0 N0.5,34,,,,,,,,,33,34,,
LO2 HI2,autowire,CC,CC,BP34,R0,S8.0 W9.0 N0.5,34,S8.0 E9.0 N0.5,35,,,,,,,,,34,35,,
LO2 HI2,autowire,CC,CC,BP35,R0,S8.0 W9.0 N0.5,35,S8.0 E9.0 N0.5,36,,,,,,,,,35,36,,
LO2 HI2,autowire,CC,CC,BP36,R0,S8.0 W9.0 N0.5,36,S8.0 E9.0 N0.5,37,,,,,,,,,36,37,,
LO2 HI2,autowire,CC,CC,BP37,R0,S8.0 W9.0 N0.5,37,S8.0 E9.0 N0.5,38,,,,,,,,,37,38,,
LO2 HI2,autowire,CC,CC,BP38,R0,S8.0 W9.0 N0.5,38,S8.0 E9.0 N0.5,39,,,,,,,,,38,39,,
LO2 HI2,autowire,CC,CC,BP39,R0,S8.0 W9.0 N0.5,39,S8.0 E9.0 N0.5,40,,,,,,,,,39,40,,
LO2 HI2,autowire,CC,CC,BP41,R0,S8.0 W9.0 N0.5,41,S8.0 E9.0 N0.5,42,,,,,,,,,41,42,,
LO2 HI2,autowire,CC,CC,BP42,R0,S5.0 W9.0 N0.5,42,S5.0 E9.0 N0.5,43,,,,,,,,,42,43,,
LO2 HI2,autowire,CC,CC,BP43,R0,S5.0 W9.0 N0.5,43,S5.0 E9.0 N0.5,44,,,,,,,,,43,44,,
LO2 HI2,autowire,CC,CC,BP44,R0,S5.0 W9.0 N0.5,44,S5.0 E9.0 N0.5,45,,,,,,,,,44,45,,
LO2 HI2,autowire,CC,CC,BP45,R0,S5.0 W9.0 N0.5,45,S5.0 E9.0 N0.5,46,,,,,,,,,45,46,,
LO2 HI2,autowire,CC,CC,BP46,R0,S5.0 W9.0 N0.5,46,S5.0 E9.0 N0.5,47,,,,,,,,,46,47,,
LO2 HI2,autowire,CC,CC,BP47,R0,S5.0 W9.0 N0.5,47,S5.0 E9.0 N0.5,48,,,,,,,,,47,48,,
LO2 HI2,autowire,CC,CC,BP49,R0,S5.0 W9.0 N0.5,49,S5.0 E9.0 N0.5,50,,,,,,,,,49,50,,
LO2 HI2,autowire,CC,CC,BP50,R0,S5.0 W9.0 N0.5,50,S5.0 E9.0 N0.5,51,,,,,,,,,50,51,,
LO2 HI2,autowire,CC,CC,BP51,R0,S5.0 W9.0 N0.5,51,S5.0 E9.0 N0.5,52,,,,,,,,,51,52,,
LO2 HI2,autowire,CC,CC,BP52,R0,S5.0 W9.0 N0.5,52,S5.0 E9.0 N0.5,53,,,,,,,,,52,53,,
LO2 HI2,autowire,CC,CC,BP53,R0,S5.0 W9.0 N0.5,53,S5.0 E9.0 N0.5,54,,,,,,,,,53,54,,
LO2 HI2,autowire,CC,CC,BP54,R0,S5.0 W9.0 N0.5,54,S5.0 E9.0 N0.5,55,,,,,,,,,54,55,,
LO2 HI2,autowire,CC,CC,BP55,R0,S5.0 W9.0 N0.5,55,S5.0 E9.0 N0.5,56,,,,,,,,,55,56,,
LO2 HI2,autowire,CC,CC,BP58,R0,S5.0 W9.0 N0.5,58,S5.0 E9.0 N0.5,57,,,,,,,,,58,57,,
LO2 HI2,autowire,CC,CC,BP59,R0,S5.0 W9.0 N0.5,59,S5.0 E9.0 N0.5,58,,,,,,,,,59,58,,
LO2 HI2,autowire,CC,CC,BP60,R0,S5.0 W9.0 N0.5,60,S5.0 E9.0 N0.5,59,,,,,,,,,60,59,,
LO2 HI2,autowire,CC,CC,BP61,R0,S5.0 W9.0 N0.5,61,S5.0 E9.0 N0.5,60,,,,,,,,,61,60,,
LO2 HI2,autowire,CC,CC,BP62,R0,S5.0 W9.0 N0.5,62,S5.0 E9.0 N0.5,61,,,,,,,,,62,61,,
LO2 HI2,autowire,CC,CC,BP63,R0,S1.8 W9.0 N0.5,63,S1.8 E9.0 N0.5,62,,,,,,,,,63,62,,
LO2 HI2,autowire,CC,CC,BP64,R0,S1.8 W9.0 N0.5,64,S1.8 E9.0 N0.5,63,,,,,,,,,64,63,,
LO2 HI2,autowire,CC,CC,BP66,R0,S1.8 W9.0 N0.5,66,S1.8 E9.0 N0.5,65,,,,,,,,,66,65,,
LO2 HI2,autowire,CC,CC,BP67,R0,S1.8 W9.0 N0.5,67,S1.8 E9.0 N0.5,66,,,,,,,,,67,66,,
LO2 HI2,autowire,CC,CC,BP68,R0,S1.8 W9.0 N0.5,68,S1.8 E9.0 N0.5,67,,,,,,,,,68,67,,
LO2 HI2,autowire,CC,CC,BP69,R0,S1.8 W9.0 N0.5,69,S1.8 E9.0 N0.5,68,,,,,,,,,69,68,,
LO2 HI2,autowire,CC,CC,BP70,R0,S1.8 W9.0 N0.5,70,S1.8 E9.0 N0.5,69,,,,,,,,,70,69,,
LO2 HI2,autowire,CC,CC,BP71,R0,S1.8 W9.0 N0.5,71,S1.8 E9.0 N0.5,70,,,,,,,,,71,70,,
LO2 HI2,autowire,CC,CC,BP72,R0,S1.8 W9.0 N0.5,72,S1.8 E9.0 N0.5,71,,,,,,,,,72,71,,
LO2 HI2,autowire,CC,CC,BP74,R0,S1.8 W9.0 N0.5,74,S1.8 E9.0 N0.5,73,,,,,,,,,74,73,,
LO2 HI2,autowire,CC,CC,BP75,R0,S1.8 W9.0 N0.5,75,S1.8 E9.0 N0.5,74,,,,,,,,,75,74,,
LO2 HI2,autowire,CC,CC,BP76,R0,S1.8 W9.0 N0.5,76,S1.8 E9.0 N0.5,75,,,,,,,,,76,75,,
LO2 HI2,autowire,CC,CC,BP77,R0,S1.8 W9.0 N0.5,77,S1.8 E9.0 N0.5,76,,,,,,,,,77,76,,
LO2 HI2,autowire,CC,CC,BP78,R0,S1.8 W9.0 N0.5,78,S1.8 E9.0 N0.5,77,,,,,,,,,78,77,,
LO2 HI2,autowire,CC,CC,BP79,R0,S1.8 W9.0 N0.5,79,S1.8 E9.0 N0.5,78,,,,,,,,,79,78,,
LO2 HI2,autowire,CC,CC,BP80,R0,S1.8 W9.0 N0.5,80,S1.8 E9.0 N0.5,79,,,,,,,,,80,79,,
LO2 HI2,autowire,CC,CC,BP82,R0,S1.8 W9.0 N0.5,82,S1.8 E9.0 N0.5,81,,,,,,,,,82,81,,
LO2 HI2,autowire,CC,CC,BP83,R0,S1.8 W9.0 N0.5,83,S1.8 E9.0 N0.5,82,,,,,,,,,83,82,,
LO2 HI2,autowire,CC,CC,BP84,R0,S5.0 W9.0 N0.5,84,S5.0 E9.0 N0.5,83,,,,,,,,,84,83,,
LO2 HI2,autowire,CC,CC,BP85,R0,S5.0 W9.0 N0.5,85,S5.0 E9.0 N0.5,84,,,,,,,,,85,84,,
LO2 HI2,autowire,CC,CC,BP86,R0,S5.0 W9.0 N0.5,86,S5.0 E9.0 N0.5,85,,,,,,,,,86,85,,
LO2 HI2,autowire,CC,CC,BP87,R0,S1.8 W9.0 N0.5,87,S1.8 E9.0 N0.5,86,,,,,,,,,87,86,,
LO2 HI2,autowire,CC,CC,BP88,R0,S1.8 W9.0 N0.5,88,S1.8 E9.0 N0.5,87,,,,,,,,,88,87,,
LO2 HI2,autowire,CC,CC,BP90,R0,S1.8 W9.0 N0.5,90,S1.8 E9.0 N0.5,89,,,,,,,,,90,89,,
LO2 HI2,autowire,CC,CC,BP91,R0,S5.0 W9.0 N0.5,91,S5.0 E9.0 N0.5,90,,,,,,,,,91,90,,
LO2 HI2,autowire,CC,CC,BP92,R0,S5.0 W9.0 N0.5,92,S5.0 E9.0 N0.5,91,,,,,,,,,92,91,,
LO2 HI2,autowire,CC,CC,BP93,R0,S5.0 W9.0 N0.5,93,S5.0 E9.0 N0.5,92,,,,,,,,,93,92,,
LO2 HI2,autowire,CC,CC,BP94,R0,S1.8 W9.0 N0.5,94,S1.8 E9.0 N0.5,93,,,,,,,,,94,93,,
LO2 HI2,autowire,CC,CC,BP95,R0,S1.8 W9.0 N0.5,95,S1.8 E9.0 N0.5,94,,,,,,,,,95,94,,
LO2 HI2,autowire,CC,CC,BP96,R0,S1.8 W9.0 N0.5,96,S1.8 E9.0 N0.5,95,,,,,,,,,96,95,,
LO2 HI2,autowire,CC,CC,BP98,R0,S5.0 W9.0 N0.5,98,S5.0 E9.0 N0.5,97,,,,,,,,,98,97,,
LO2 HI2,autowire,CC,CC,BP99,R0,S5.0 W9.0 N0.5,99,S5.0 E9.0 N0.5,98,,,,,,,,,99,98,,
LO2 HI2,autowire,CC,CC,BP100,R0,S5.0 W9.0 N0.5,100,S5.0 E9.0 N0.5,99,,,,,,,,,100,99,,
LO2 HI2,autowire,CC,CC,BP101,R0,S1.8 W9.0 N0.5,101,S1.8 E9.0 N0.5,100,,,,,,,,,101,100,,
LO2 HI2,autowire,CC,CC,BP102,R0,S1.8 W9.0 N0.5,102,S1.8 E9.0 N0.5,101,,,,,,,,,102,101,,
LO2 HI2,autowire,CC,CC,BP103,R0,S1.8 W9.0 N0.5,103,S1.8 E9.0 N0.5,102,,,,,,,,,103,102,,
