StructureName,StructureComments,CellHeight,PolyPitch,DesignContext,UnitCellSizeOgd,UnitCellSizePgd,ArraySizeOgd,ArraySizePgd,BufferSizeL,BufferSizeR,BufferSizeB,BufferSizeT,DiffPatternUnit,DiffPatternGlobal,FTITracksUnit,FTITracksGlobal,PolyPlugsUnit,PolyPlugsGlobal,TcnPlugsUnit,TcnPlugsGlobal,TcnCutsUnit,TcnCutsGlobal,TcnDepopUnit,TcnDepopGlobal,VcrPatternUnit,VcrPatternGlobal,VcrnubPatternUnit,VcrnubPatternGlobal,TcnExtensionUnit,TcnExtensionGlobal,M0LegoPattern,M0CutLegoPattern,M0CutPatternUnit,M0CutPatternGlobal,DummyViaPattern,VcxPatternUnit,VcxPatternGlobal,LO1ActiveTracks,LO2ActiveTracks,HI1ActiveTracks,HI2ActiveTracks,LO1Data,LO2Data,HI1Data,HI2Data,DrawMiscIDsUnit,DrawMiscIDsGlobal,AddSpecialID,DeleteLpps,FTICdMisregSkew,TCNCdRegSkew,PXLSkew,IdLayerBasedSkew,PolyCdSkew,GLKSkew,UseFUT2ID,TCPSkewPatternUnit,TCPSkewPatternGlobal,kernelOffsetX,kernelOffsetY,override,shortedPinPairs,flattenHier,keepInst,lvsDeviceData,shortedPins,,,,,,,,,,,,,,,,,,,,
CTG110-NZ1-H-A:SDR:OGD:REF:2TRK,"SDR CTGOGD, N-Diff, type a",ch110,pp44,digital,24,4,5,10,4,4,1,1,"0:r0,0:1/6:7,0.027,phvt;0:r0,2:5,0.027,nhvt;","0:r0,0:1,0.027,nhvt; 0:r0,r1:r0,0.027,phvt; 0:3/r3:r0,2:r2[7],0.027,phvt; 0:3/r3:r0,3:r2[7],0.027,phvt;0:3/r3:r0,8:r2[7],0.027,phvt; 0:3/r3:r0,9:r2[7],0.027,phvt;  0:3/r3:r0,4:r2[7],0.027,nhvt; 0:3/r3:r0,5:r2[7],0.027,nhvt;0:3/r3:r0,6:r2[7],0.027,nhvt; 0:3/r3:r0,7:r2[7],0.027,nhvt;","0:24[3],0:r0","0/2/r2/r0,0:r0;","1:3/5:7/9:11/13:15/17:19/21:23,3/4",,"0:r0,4/5",,,,,,,,,,,,,,"2:r2[5],1:3[1]/r3:r1[1]",,"0:r0[3],0:4[3];  0:r0[3],r4:r0[3]; 2:r0[3],7:r5[19]; 2:r0[3],23:r5[19];","vg,1:3/5:7/9:11/13:15/17:19/21:23,6|0.002,0.0,0.0,0.0; vt,0:r0[3],14; vt,1:r0[3],14; vt,2:r0[3],14;",,14,,6,,"m0,m1,L,B,10,2/0,0;1,1",,"m0,m1,R,B,10,2/0,0;1,1",,,,,,,,,,,,N,,,0,0,,,N,,,,,,,,,,,,,,,,,,,,,,,
CTG110-NPZ1-H-A:SDR:OGD:REF:2TRK,"SDR CTGOGD, NP-Diff, type a",ch110,pp44,digital,24,4,5,20,4,4,1,1,"0:r0,2:3/6:7,0.027,nhvt;0:r0,0:1/4:5,0.027,phvt;","0:r0,0:1,0.027,nhvt; 0:r0,r1:r0,0.027,phvt;  0:3/r3:r0,2:r2[3],0.027,phvt; 0:3/r3:r0,3:r2[3],0.027,phvt;   0:3/r3:r0,4:r2[3],0.027,nhvt; 0:3/r3:r0,5:r2[3],0.027,nhvt;","0:24[3],2:5","0/2/r2/r0,0:r0;","1:3/5:7/9:11/13:15/17:19/21:23,3/4",,"0:r0,4/5",,,,,,,,,,,,,,"2:r2[5],1:3[1]/r3:r1[1]",,"0:r0[3],0:4[3];  0:r0[3],r4:r0[3]; 2:r0[3],7:r5[19]; 2:r0[3],23:r5[19];","vg,1:3/5:7/9:11/13:15/17:19/21:23,6|0.00,0.02,0.0,0.0; vt,0:r0[3],14|0.0,0.02,0.0,0.0; vt,1:r0[3],14|0.0,0.02,0.0,0.0; vt,2:r0[3],14|0.0,0.02,0.0,0.0;",,14,,6,,"m0,m1,L,B,10,2/0,0;1,1",,"m0,m1,R,B,10,2/0,0;1,1",,,,,,,,,,,,N,,,0,0,,,N,,,,,,,,,,,,,,,,,,,,,,,
CTG110-PZ1-H-A:SDR:OGD:REF:2TRK,"SDR CTGOGD, P-Diff, type a",ch110,pp44,digital,24,4,5,30,4,4,1,1,"0:r0,0:1/6:7,0.027,nhvt;0:r0,2:5,0.027,phvt;","0:r0,0:1,0.027,phvt; 0:r0,r1:r0,0.027,nhvt; 0:3/r3:r0,2:r2[7],0.027,nhvt; 0:3/r3:r0,3:r2[7],0.027,nhvt;0:3/r3:r0,8:r2[7],0.027,nhvt; 0:3/r3:r0,9:r2[7],0.027,nhvt;  0:3/r3:r0,4:r2[7],0.027,phvt; 0:3/r3:r0,5:r2[7],0.027,phvt;0:3/r3:r0,6:r2[7],0.027,phvt; 0:3/r3:r0,7:r2[7],0.027,phvt;","0:24[3],0:r0","0/2/r2/r0,0:r0;","1:3/5:7/9:11/13:15/17:19/21:23,3/4",,"0:r0,4/5",,,,,,,,,,,,,,"2:r2[5],1:3[1]/r3:r1[1]",,"0:r0[3],0:4[3];  0:r0[3],r4:r0[3]; 2:r0[3],7:r5[19]; 2:r0[3],23:r5[19];","vg,1:3/5:7/9:11/13:15/17:19/21:23,6; vt,0:r0[3],14|0.0,0.0,0.05,0.05; vt,1:r0[3],14|0.0,0.0,0.05,0.05; vt,2:r0[3],14|0.0,0.0,0.05,0.05;",,14,,6,,"m0,m1,L,B,10,2/0,0;1,1",,"m0,m1,R,B,10,2/0,0;1,1",,,,,,,,,,,,N,,,0,0,,,N,,,,,,,,,,,,,,,,,,,,,,,
CTG132-NZ5-S-A:SDR:OGD:REF:2TRK,"SDR CTGOGD, N-Diff, type a",ch132,pp44,digital,24,4,5,30,4,4,1,1,"0:r0,0:1/6:7,0.046,psvt;0:r0,2:5,0.046,nsvt;","0:r0,0:1,0.046,nsvt; 0:r0,r1:r0,0.046,psvt; 0:3/r3:r0,2:r2[7],0.046,psvt; 0:3/r3:r0,3:r2[7],0.046,psvt;0:3/r3:r0,8:r2[7],0.046,psvt; 0:3/r3:r0,9:r2[7],0.046,psvt;  0:3/r3:r0,4:r2[7],0.046,nsvt; 0:3/r3:r0,5:r2[7],0.046,nsvt;0:3/r3:r0,6:r2[7],0.046,nsvt; 0:3/r3:r0,7:r2[7],0.046,nsvt;","0:24[3],0:r0","0/2/r2/r0,0:r0;","1:3/5:7/9:11/13:15/17:19/21:23,3/4",,"0:r0,4/5",,,,,,"0:r0,5",,"1:3/6:8/11:13/16:18/21:23,5,top",,,,,,"2:r2[5],1:3[1]/r3:r1[1]",,"0:r0[3],0:4[3];  0:r0[3],r4:r0[3]; 2:r0[3],7:r5[19]; 2:r0[3],23:r5[19];","vg,1:3/5:7/9:11/13:15/17:19/21:23,6; vt,0:r0[3],14; vt,1:r0[3],14; vt,2:r0[3],14;",,14,,6,,"m0,m1,L,B,10,2/0,0;1,1",,"m0,m1,R,B,10,2/0,0;1,1",,,,,,,,,,,,N,,,0,0,,,N,,,,,,,,,,,,,,,,,,,,,,,
CTG132-NPZ5-S-A:SDR:OGD:REF:2TRK,"SDR CTGOGD, NP-Diff, type a",ch132,pp44,digital,24,4,5,20,4,4,1,1,"0:r0,2:3/6:7,0.046,nsvt;0:r0,0:1/4:5,0.046,psvt;","0:r0,0:1,0.046,nsvt; 0:r0,r1:r0,0.046,psvt;  0:3/r3:r0,2:r2[3],0.046,psvt; 0:3/r3:r0,3:r2[3],0.046,psvt;   0:3/r3:r0,4:r2[3],0.046,nsvt; 0:3/r3:r0,5:r2[3],0.046,nsvt;","0:24[3],2:5","0/2/r2/r0,0:r0;","1:3/5:7/9:11/13:15/17:19/21:23,3/4",,"0:r0,4/5",,,,,,,,,,,,,,"2:r2[5],1:3[1]/r3:r1[1]",,"0:r0[3],0:4[3];  0:r0[3],r4:r0[3]; 2:r0[3],7:r5[19]; 2:r0[3],23:r5[19];","vg,1:3/5:7/9:11/13:15/17:19/21:23,6; vt,0:r0[3],14; vt,1:r0[3],14; vt,2:r0[3],14;",,14,,6,,"m0,m1,L,B,10,2/0,0;1,1",,"m0,m1,R,B,10,2/0,0;1,1",,,,,,,,,,,,N,,,0,0,,,N,,,,,,,,,,,,,,,,,,,,,,,
CTG132-PZ5-S-A:SDR:OGD:REF:2TRK,"SDR CTGOGD, P-Diff, type a",ch132,pp44,digital,24,4,5,40,4,4,1,1,"0:r0,0:1/6:7,0.046,nsvt;0:r0,2:5,0.046,psvt;","0:r0,0:1,0.046,psvt; 0:r0,r1:r0,0.046,nsvt; 0:3/r3:r0,2:r2[7],0.046,nsvt; 0:3/r3:r0,3:r2[7],0.046,nsvt;0:3/r3:r0,8:r2[7],0.046,nsvt; 0:3/r3:r0,9:r2[7],0.046,nsvt;  0:3/r3:r0,4:r2[7],0.046,psvt; 0:3/r3:r0,5:r2[7],0.046,psvt;0:3/r3:r0,6:r2[7],0.046,psvt; 0:3/r3:r0,7:r2[7],0.046,psvt;","0:24[3],0:r0","0/2/r2/r0,0:r0;","1:3/5:7/9:11/13:15/17:19/21:23,3/4",,"0:r0,4/5",,,,,,,,,,,,,,"2:r2[5],1:3[1]/r3:r1[1]",,"0:r0[3],0:4[3];  0:r0[3],r4:r0[3]; 2:r0[3],7:r5[19]; 2:r0[3],23:r5[19];","vg,1:3/5:7/9:11/13:15/17:19/21:23,6; vt,0:r0[3],14; vt,1:r0[3],14; vt,2:r0[3],14;",,14,,6,,"m0,m1,L,B,10,2/0,0;1,1",,"m0,m1,R,B,10,2/0,0;1,1",,,,,,,,,,,,N,,,0,0,,,N,,,,,,,,,,,,,,,,,,,,,,,
CTG165-NZ7-L-A:SDR:OGD:REF:2TRK,"SDR CTGOGD, N-Diff, type a",ch165,pp44,digital,24,4,5,50,4,4,1,1,"0:r0,0:1/6:7,0.062,plvt;0:r0,2:5,0.062,nlvt;","0:r0,0:1,0.062,nlvt; 0:r0,r1:r0,0.062,plvt; 0:3/r3:r0,2:r2[7],0.062,plvt; 0:3/r3:r0,3:r2[7],0.062,plvt;0:3/r3:r0,8:r2[7],0.062,plvt; 0:3/r3:r0,9:r2[7],0.062,plvt;  0:3/r3:r0,4:r2[7],0.062,nlvt; 0:3/r3:r0,5:r2[7],0.062,nlvt;0:3/r3:r0,6:r2[7],0.062,nlvt; 0:3/r3:r0,7:r2[7],0.062,nlvt;","0:24[3],0:r0","0/2/r2/r0,0:r0;","1:3/5:7/9:11/13:15/17:19/21:23,3/4",,"0:r0,4/5",,,,,,,,,,,,,,"2:r2[5],2:4[1]/r4:r2[1]",,"0:r0[3],1:5[3];  0:r0[3],r5:r1[3]; 2:r0[3],7:r6[23]; 2:r0[3],29:r6[23];","vg,1:3/5:7/9:11/13:15/17:19/21:23,7; vt,0:r0[3],17; vt,1:r0[3],17; vt,2:r0[3],17;",,17,,7,,"m0,m1,L,B,10,2/0,0;1,1",,"m0,m1,R,B,10,2/0,0;1,1",,,,,,,,,,,,N,,,0,0,,,N,,,,,,,,,,,,,,,,,,,,,,,
CTG165-NPZ7-L-A:SDR:OGD:REF:2TRK,"SDR CTGOGD, NP-Diff, type a",ch165,pp44,digital,24,4,5,60,4,4,1,1,"0:r0,2:3/6:7,0.062,nlvt;0:r0,0:1/4:5,0.062,plvt;","0:r0,0:1,0.062,nlvt; 0:r0,r1:r0,0.062,plvt;  0:3/r3:r0,2:r2[3],0.062,plvt; 0:3/r3:r0,3:r2[3],0.062,plvt;   0:3/r3:r0,4:r2[3],0.062,nlvt; 0:3/r3:r0,5:r2[3],0.062,nlvt;","0:24[3],2:5","0/2/r2/r0,0:r0;","1:3/5:7/9:11/13:15/17:19/21:23,3/4",,"0:r0,4/5",,,,,,,,,,,,,,"2:r2[5],2:4[1]/r4:r2[1]",,"0:r0[3],1:5[3];  0:r0[3],r5:r1[3]; 2:r0[3],7:r6[23]; 2:r0[3],29:r6[23];","vg,1:3/5:7/9:11/13:15/17:19/21:23,7; vt,0:r0[3],17; vt,1:r0[3],17; vt,2:r0[3],17;",,17,,7,,"m0,m1,L,B,10,2/0,0;1,1",,"m0,m1,R,B,10,2/0,0;1,1",,,,,,,,,,,,N,,,0,0,,,N,,,,,,,,,,,,,,,,,,,,,,,
CTG165-PZ7-L-A:SDR:OGD:REF:2TRK,"SDR CTGOGD, P-Diff, type a",ch165,pp44,digital,24,4,5,10,4,4,1,1,"0:r0,0:1/6:7,0.062,nlvt;0:r0,2:5,0.062,plvt;","0:r0,0:1,0.062,plvt; 0:r0,r1:r0,0.062,nlvt; 0:3/r3:r0,2:r2[7],0.062,nlvt; 0:3/r3:r0,3:r2[7],0.062,nlvt;0:3/r3:r0,8:r2[7],0.062,nlvt; 0:3/r3:r0,9:r2[7],0.062,nlvt;  0:3/r3:r0,4:r2[7],0.062,plvt; 0:3/r3:r0,5:r2[7],0.062,plvt;0:3/r3:r0,6:r2[7],0.062,plvt; 0:3/r3:r0,7:r2[7],0.062,plvt;","0:24[3],0:r0","0/2/r2/r0,0:r0;","1:3/5:7/9:11/13:15/17:19/21:23,3/4",,"0:r0,4/5",,,,,,,,,,,,,,"2:r2[5],2:4[1]/r4:r2[1]",,"0:r0[3],1:5[3];  0:r0[3],r5:r1[3]; 2:r0[3],7:r6[23]; 2:r0[3],29:r6[23];","vg,1:3/5:7/9:11/13:15/17:19/21:23,7; vt,0:r0[3],17; vt,1:r0[3],17; vt,2:r0[3],17;",,17,,7,,"m0,m1,L,B,10,2/0,0;1,1",,"m0,m1,R,B,10,2/0,0;1,1",,,,,,,,,,,,N,,,0,0,,,N,,,,,,,,,,,,,,,,,,,,,,,
CTG132-NZ5-L-B:NGLK:OGD:REF:2TRK,"SDR CTGOGD,  N-Diff,type b - Leakage in OGD between single diff length gate, and 2 diff length TCN/epi",ch132,pp44,digital,24,4,5,20,4,4,1,1,"0:r0,0:1/6:7,0.046,plvt;0:r0,2:5,0.046,nlvt;","0:r0,0:1,0.046,nlvt; 0:r0,r1:r0,0.046,plvt; 0:3/r3:r0,2:r2[7],0.046,plvt; 0:3/r3:r0,3:r2[7],0.046,plvt;0:3/r3:r0,8:r2[7],0.046,plvt; 0:3/r3:r0,9:r2[7],0.046,plvt;  0:3/r3:r0,4:r2[7],0.046,nlvt; 0:4/r3:r0,5:r2[7],0.046,nlvt;0:3/r3:r0,6:r2[7],0.046,nlvt; 0:4/r3:r0,7:r2[7],0.046,nlvt;","0:24[3],2:5","0/2/r2/r0,0:r0;",,,"0:r0,3/5",,,,,,,,,,,,,,"2:r2[5],1:3[1]/r3:r1[1]",,"0:r0[3],0:4[3];  0:r0[3],r4:r0[3]; 2:r0[3],7:r5[19]; 2:r0[3],23:r5[19];","vg,1:3/5:7/9:11/13:15/17:19/21:23,9/11; vt,0:r0[3],6/14; vt,1:r0[3],6/14; vt,2:r0[3],6/14",,6;14,,9;11,,"m0,m1,L,B,10,2/0,0;1,1",,"m0,m1,R,B,10,2/0,0;1,1",,,,,,,,,,,,N,,,0,0,,,N,,,,,,,,,,,,,,,,,,,,,,,
CTG132-NPZ5-L-B:NGLK:OGD:REF:2TRK,"SDR CTGOGD,  NP-Diff,type b - Leakage in OGD between single diff length gate, and 2 diff length TCN/epi",ch132,pp44,digital,24,4,5,10,4,4,1,1,"0:r0,0/3:4/7,0.046,plvt;0:r0,1:2/5:6,0.046,nlvt;","0:r0,0/r0,0.046,nlvt; 0:r0,1/r1,0.046,plvt; 0:3/r3:r0,2:r2[7],0.046,plvt; 0:3/r3:r0,3:r2[7],0.046,nlvt;0:3/r3:r0,4:r2[7],0.046,nlvt; 0:3/r3:r0,5:r2[7],0.046,plvt;  0:3/r3:r0,6:r2[7],0.046,plvt; 0:4/r3:r0,7:r2[7],0.046,nlvt;0:3/r3:r0,8:r2[7],0.046,nlvt; 0:4/r3:r0,9:r2[7],0.046,plvt;","0:24[3],2:5","0/2/r2/r0,0:r0;",,,"0:r0,3/5",,,,,,,,,,,,,,"2:r2[5],1:3[1]/r3:r1[1]",,"0:r0[3],0:4[3];  0:r0[3],r4:r0[3]; 2:r0[3],7:r5[19]; 2:r0[3],23:r5[19];","vg,1:3/5:7/9:11/13:15/17:19/21:23,9/11; vt,0:r0[3],6/14; vt,1:r0[3],6/14; vt,2:r0[3],6/14",,6;14,,9;11,,"m0,m1,L,B,10,2/0,0;1,1",,"m0,m1,R,B,10,2/0,0;1,1",,,,,,,,,,,,N,,,0,0,,,N,,,,,,,,,,,,,,,,,,,,,,,
CTG132-PZ5-L-B:NGLK:OGD:REF:2TRK,"SDR CTGOGD,  P-Diff,type b - Leakage in OGD between single diff length gate, and 2 diff length TCN/epi",ch132,pp44,digital,24,4,5,30,4,4,1,1,"0:r0,0:1/6:7,0.046,nlvt;0:r0,2:5,0.046,plvt;","0:r0,0:1,0.046,plvt; 0:r0,r1:r0,0.046,nlvt; 0:3/r3:r0,2:r2[7],0.046,nlvt; 0:3/r3:r0,3:r2[7],0.046,nlvt;0:3/r3:r0,8:r2[7],0.046,nlvt; 0:3/r3:r0,9:r2[7],0.046,nlvt;  0:3/r3:r0,4:r2[7],0.046,plvt; 0:4/r3:r0,5:r2[7],0.046,plvt;0:3/r3:r0,6:r2[7],0.046,plvt; 0:4/r3:r0,7:r2[7],0.046,plvt;","0:24[3],2:5","0/2/r2/r0,0:r0;",,,"0:r0,3/5",,,,,,,,,,,,,,"2:r2[5],1:3[1]/r3:r1[1]",,"0:r0[3],0:4[3];  0:r0[3],r4:r0[3]; 2:r0[3],7:r5[19]; 2:r0[3],23:r5[19];","vg,1:3/5:7/9:11/13:15/17:19/21:23,9/11; vt,0:r0[3],6/14; vt,1:r0[3],6/14; vt,2:r0[3],6/14",,6;14,,9;11,,"m0,m1,L,B,10,2/0,0;1,1",,"m0,m1,R,B,10,2/0,0;1,1",,,,,,,,,,,,N,,,0,0,,,N,,,,,,,,,,,,,,,,,,,,,,,
CTG165-NZ7-L-B:NGLK:OGD:REF:2TRK,"SDR CTGOGD,  N-Diff,type b - Leakage in OGD between single diff length gate, and 2 diff length TCN/epi",ch165,pp44,digital,24,4,5,20,4,4,1,1,"0:r0,0:1/6:7,0.062,plvt;0:r0,2:5,0.062,nlvt;","0:r0,0:1,0.062,nlvt; 0:r0,r1:r0,0.062,plvt; 0:3/r3:r0,2:r2[7],0.062,plvt; 0:3/r3:r0,3:r2[7],0.062,plvt;0:3/r3:r0,8:r2[7],0.062,plvt; 0:3/r3:r0,9:r2[7],0.062,plvt;  0:3/r3:r0,4:r2[7],0.062,nlvt; 0:4/r3:r0,5:r2[7],0.062,nlvt;0:3/r3:r0,6:r2[7],0.062,nlvt; 0:4/r3:r0,7:r2[7],0.062,nlvt;","0:24[3],2:5","0/2/r2/r0,0:r0;",,,"0:r0,3/5",,,,,,,,,,,,,,"2:r2[5],2:4[1]/r4:r2[1]",,"0:r0[3],1:5[3];  0:r0[3],r5:r1[3]; 2:r0[3],7:r6[23]; 2:r0[3],29:r6[23];","vg,1:3/5:7/9:11/13:15/17:19/21:23,11/13; vt,0:r0[3],7/17; vt,1:r0[3],7/17; vt,2:r0[3],7/17",,7;17,,11;13,,"m0,m1,L,B,10,2/0,0;1,1",,"m0,m1,R,B,10,2/0,0;1,1",,,,,,,,,,,,N,,,0,0,,,N,,,,,,,,,,,,,,,,,,,,,,,
CTG165-NPZ7-L-B:NGLK:OGD:REF:2TRK,"SDR CTGOGD,  NP-Diff,type b - Leakage in OGD between single diff length gate, and 2 diff length TCN/epi",ch165,pp44,digital,24,4,5,40,4,4,1,1,"0:r0,0/3:4/7,0.062,plvt;0:r0,1:2/5:6,0.062,nlvt;","0:r0,0/r0,0.062,nlvt; 0:r0,1/r1,0.062,plvt; 0:3/r3:r0,2:r2[7],0.062,plvt; 0:3/r3:r0,3:r2[7],0.062,nlvt;0:3/r3:r0,4:r2[7],0.062,nlvt; 0:3/r3:r0,5:r2[7],0.062,plvt;  0:3/r3:r0,6:r2[7],0.062,plvt; 0:4/r3:r0,7:r2[7],0.062,nlvt;0:3/r3:r0,8:r2[7],0.062,nlvt; 0:4/r3:r0,9:r2[7],0.062,plvt;","0:24[3],2:5","0/2/r2/r0,0:r0;",,,"0:r0,3/5",,,,,,,,,,,,,,"2:r2[5],2:4[1]/r4:r2[1]",,"0:r0[3],1:5[3];  0:r0[3],r5:r1[3]; 2:r0[3],7:r6[23]; 2:r0[3],29:r6[23];","vg,1:3/5:7/9:11/13:15/17:19/21:23,11/13; vt,0:r0[3],7/17; vt,1:r0[3],7/17; vt,2:r0[3],7/17",,7;17,,11;13,,"m0,m1,L,B,10,2/0,0;1,1",,"m0,m1,R,B,10,2/0,0;1,1",,,,,,,,,,,,N,,,0,0,,,N,,,,,,,,,,,,,,,,,,,,,,,
CTG165-PZ7-L-B:NGLK:OGD:REF:2TRK,"SDR CTGOGD,  P-Diff,type b - Leakage in OGD between single diff length gate, and 2 diff length TCN/epi",ch165,pp44,digital,24,4,5,50,4,4,1,1,"0:r0,0:1/6:7,0.062,nlvt;0:r0,2:5,0.062,plvt;","0:r0,0:1,0.062,plvt; 0:r0,r1:r0,0.062,nlvt; 0:3/r3:r0,2:r2[7],0.062,nlvt; 0:3/r3:r0,3:r2[7],0.062,nlvt;0:3/r3:r0,8:r2[7],0.062,nlvt; 0:3/r3:r0,9:r2[7],0.062,nlvt;  0:3/r3:r0,4:r2[7],0.062,plvt; 0:4/r3:r0,5:r2[7],0.062,plvt;0:3/r3:r0,6:r2[7],0.062,plvt; 0:4/r3:r0,7:r2[7],0.062,plvt;","0:24[3],2:5","0/2/r2/r0,0:r0;",,,"0:r0,3/5",,,,,,"1:3/5:7/9:11/13:15/17:19/21:23,4/5",,"2/6/10/14/18/22,4/5,bottom|0.0,0.0,0.0,-0.03",,,,,,"2:r2[5],2:4[1]/r4:r2[1]",,"0:r0[3],1:5[3];  0:r0[3],r5:r1[3]; 2:r0[3],7:r6[23]; 2:r0[3],29:r6[23];","vg,1:3/5:7/9:11/13:15/17:19/21:23,11/13; vt,0:r0[3],7/17; vt,1:r0[3],7/17; vt,2:r0[3],7/17",,7;17,,11;13,,"m0,m1,L,B,10,2/0,0;1,1",,"m0,m1,R,B,10,2/0,0;1,1",,,,,,,,,,,,N,,,0,0,,,N,,,,,,,,,,,,,,,,,,,,,,,
CTG132-NZ5-L-C:NTLK:OGD:REF:2TRK,"SDR CTGOGD,  N-Diff,type c  - Leakage in OGD between double diff length gate, and single diff length TCN/epi",ch132,pp44,digital,24,4,5,10,4,4,1,1,"0:r0,0:1/6:7,0.046,plvt;0:r0,2:5,0.046,nlvt;","0:r0,0:1,0.046,nlvt; 0:r0,r1:r0,0.046,plvt; 0:3/r3:r0,2:r2[7],0.046,plvt; 0:3/r3:r0,3:r2[7],0.046,plvt;0:3/r3:r0,8:r2[7],0.046,plvt; 0:3/r3:r0,9:r2[7],0.046,plvt;  0:3/r3:r0,4:r2[7],0.046,nlvt; 0:4/r3:r0,5:r2[7],0.046,nlvt;0:3/r3:r0,6:r2[7],0.046,nlvt; 0:4/r3:r0,7:r2[7],0.046,nlvt;","0:24[3],2:5","0/2/r2/r0,0:r0;","1:3/5:7/9:11/13:15/17:19/21:23,3/5",,,,,,,,,,,,,,,,"2:r2[5],1:3[1]/r3:r1[1]",,"0:r0[3],0:4[3];  0:r0[3],r4:r0[3]; 2:r0[3],7:r5[19]; 2:r0[3],23:r5[19];","vg,1:3/5:7/9:11/13:15/17:19/21:23,9/11; vt,0:r0[3],6/14; vt,1:r0[3],6/14; vt,2:r0[3],6/14",,6;14,,9;11,,"m0,m1,L,B,10,2/0,0;1,1",,"m0,m1,R,B,10,2/0,0;1,1",,,,,,,,,,,,N,,,0,0,,,N,,,,,,,,,,,,,,,,,,,,,,,
CTG132-NPZ5-L-C:NTLK:OGD:REF:2TRK,"SDR CTGOGD,  NP-Diff,type c  - Leakage in OGD between double diff length gate, and single diff length TCN/epi",ch132,pp44,digital,24,4,5,30,4,4,1,1,"0:r0,0/3:4/7,0.046,plvt;0:r0,1:2/5:6,0.046,nlvt;","0:r0,0/r0,0.046,nlvt; 0:r0,1/r1,0.046,plvt; 0:3/r3:r0,2:r2[7],0.046,plvt; 0:3/r3:r0,3:r2[7],0.046,nlvt;0:3/r3:r0,4:r2[7],0.046,nlvt; 0:3/r3:r0,5:r2[7],0.046,plvt;  0:3/r3:r0,6:r2[7],0.046,plvt; 0:4/r3:r0,7:r2[7],0.046,nlvt;0:3/r3:r0,8:r2[7],0.046,nlvt; 0:4/r3:r0,9:r2[7],0.046,plvt;","0:24[3],2:5","0/2/r2/r0,0:r0;","1:3/5:7/9:11/13:15/17:19/21:23,3/5",,,,,,,,,,,,,,,,"2:r2[5],1:3[1]/r3:r1[1]",,"0:r0[3],0:4[3];  0:r0[3],r4:r0[3]; 2:r0[3],7:r5[19]; 2:r0[3],23:r5[19];","vg,1:3/5:7/9:11/13:15/17:19/21:23,9/11; vt,0:r0[3],6/14; vt,1:r0[3],6/14; vt,2:r0[3],6/14",,6;14,,9;11,,"m0,m1,L,B,10,2/0,0;1,1",,"m0,m1,R,B,10,2/0,0;1,1",,,,,,,,,,,,N,,,0,0,,,N,,,,,,,,,,,,,,,,,,,,,,,
CTG132-PZ5-L-C:NTLK:OGD:REF:2TRK,"SDR CTGOGD,  P-Diff,type c  - Leakage in OGD between double diff length gate, and single diff length TCN/epi",ch132,pp44,digital,24,4,5,10,4,4,1,1,"0:r0,0:1/6:7,0.046,nlvt;0:r0,2:5,0.046,plvt;","0:r0,0:1,0.046,plvt; 0:r0,r1:r0,0.046,nlvt; 0:3/r3:r0,2:r2[7],0.046,nlvt; 0:3/r3:r0,3:r2[7],0.046,nlvt;0:3/r3:r0,8:r2[7],0.046,nlvt; 0:3/r3:r0,9:r2[7],0.046,nlvt;  0:3/r3:r0,4:r2[7],0.046,plvt; 0:4/r3:r0,5:r2[7],0.046,plvt;0:3/r3:r0,6:r2[7],0.046,plvt; 0:4/r3:r0,7:r2[7],0.046,plvt;","0:24[3],2:5","0/2/r2/r0,0:r0;","1:3/5:7/9:11/13:15/17:19/21:23,3/5",,,,,,,,,,,,,,,,"2:r2[5],1:3[1]/r3:r1[1]",,"0:r0[3],0:4[3];  0:r0[3],r4:r0[3]; 2:r0[3],7:r5[19]; 2:r0[3],23:r5[19];","vg,1:3/5:7/9:11/13:15/17:19/21:23,9/11; vt,0:r0[3],6/14; vt,1:r0[3],6/14; vt,2:r0[3],6/14",,6;14,,9;11,,"m0,m1,L,B,10,2/0,0;1,1",,"m0,m1,R,B,10,2/0,0;1,1",,,,,,,,,,,,N,,,0,0,,,N,,,,,,,,,,,,,,,,,,,,,,,
CTG165-NZ7-L-C:NTLK:OGD:REF:2TRK,"SDR CTGOGD,  N-Diff,type c  - Leakage in OGD between double diff length gate, and single diff length TCN/epi",ch165,pp44,digital,24,4,5,20,4,4,1,1,"0:r0,0:1/6:7,0.062,plvt;0:r0,2:5,0.062,nlvt;","0:r0,0:1,0.062,nlvt; 0:r0,r1:r0,0.062,plvt; 0:3/r3:r0,2:r2[7],0.062,plvt; 0:3/r3:r0,3:r2[7],0.062,plvt;0:3/r3:r0,8:r2[7],0.062,plvt; 0:3/r3:r0,9:r2[7],0.062,plvt;  0:3/r3:r0,4:r2[7],0.062,nlvt; 0:4/r3:r0,5:r2[7],0.062,nlvt;0:3/r3:r0,6:r2[7],0.062,nlvt; 0:4/r3:r0,7:r2[7],0.062,nlvt;","0:24[3],2:5","0/2/r2/r0,0:r0;","1:3/5:7/9:11/13:15/17:19/21:23,3/5",,,,,,,,,,,,,,,,"2:r2[5],2:4[1]/r4:r2[1]",,"0:r0[3],1:5[3];  0:r0[3],r5:r1[3]; 2:r0[3],7:r6[23]; 2:r0[3],29:r6[23];","vg,1:3/5:7/9:11/13:15/17:19/21:23,11/13; vt,0:r0[3],7/17; vt,1:r0[3],7/17; vt,2:r0[3],7/17",,7;17,,11;13,,"m0,m1,L,B,10,2/0,0;1,1",,"m0,m1,R,B,10,2/0,0;1,1",,,,,,,,,,,,N,,,0,0,,,N,,,,,,,,,,,,,,,,,,,,,,,
CTG165-NPZ7-L-C:NTLK:OGD:REF:2TRK,"SDR CTGOGD,  NP-Diff,type c  - Leakage in OGD between double diff length gate, and single diff length TCN/epi",ch165,pp44,digital,24,4,5,60,4,4,1,1,"0:r0,0/3:4/7,0.062,plvt;0:r0,1:2/5:6,0.062,nlvt;","0:r0,0/r0,0.062,nlvt; 0:r0,1/r1,0.062,plvt; 0:3/r3:r0,2:r2[7],0.062,plvt; 0:3/r3:r0,3:r2[7],0.062,nlvt;0:3/r3:r0,4:r2[7],0.062,nlvt; 0:3/r3:r0,5:r2[7],0.062,plvt;  0:3/r3:r0,6:r2[7],0.062,plvt; 0:4/r3:r0,7:r2[7],0.062,nlvt;0:3/r3:r0,8:r2[7],0.062,nlvt; 0:4/r3:r0,9:r2[7],0.062,plvt;","0:24[3],2:5","0/2/r2/r0,0:r0;","1:3/5:7/9:11/13:15/17:19/21:23,3/5",,,,,,,,"0:r0,0:r0|0.00,0.005,0.0,0.01",,"2/6/10/14/18/22,2,both|0.0,0.005,0.0,-0.02; 1/5/9/13/17/21,3,top|0.0,0.005,0.0,-0.02",,,,,,"2:r2[5],2:4[1]/r4:r2[1]",,"0:r0[3],1:5[3];  0:r0[3],r5:r1[3]; 2:r0[3],7:r6[23]; 2:r0[3],29:r6[23];","vg,1:3/5:7/9:11/13:15/17:19/21:23,11/13; vt,0:r0[3],7/17; vt,1:r0[3],7/17; vt,2:r0[3],7/17",,7;17,,11;13,,"m0,m1,L,B,10,2/0,0;1,1",,"m0,m1,R,B,10,2/0,0;1,1",,,,,,,,,,,,N,,,0,0,,,N,,,,,,,,,,,,,,,,,,,,,,,
CTG165-PZ7-L-C:NTLK:OGD:REF:2TRK,"SDR CTGOGD,  P-Diff,type c  - Leakage in OGD between double diff length gate, and single diff length TCN/epi",ch165,pp44,digital,24,4,5,30,4,4,1,1,"0:r0,0:1/6:7,0.062,nlvt;0:r0,2:5,0.062,plvt;","0:r0,0:1,0.062,plvt; 0:r0,r1:r0,0.062,nlvt; 0:3/r3:r0,2:r2[7],0.062,nlvt; 0:3/r3:r0,3:r2[7],0.062,nlvt;0:3/r3:r0,8:r2[7],0.062,nlvt; 0:3/r3:r0,9:r2[7],0.062,nlvt;  0:3/r3:r0,4:r2[7],0.062,plvt; 0:4/r3:r0,5:r2[7],0.062,plvt;0:3/r3:r0,6:r2[7],0.062,plvt; 0:4/r3:r0,7:r2[7],0.062,plvt;","0:24[3],2:5","0/2/r2/r0,0:r0;","1:3/5:7/9:11/13:15/17:19/21:23,3/5",,,,,,,,,,,,,,,,"2:r2[5],2:4[1]/r4:r2[1]",,"0:r0[3],1:5[3];  0:r0[3],r5:r1[3]; 2:r0[3],7:r6[23]; 2:r0[3],29:r6[23];","vg,1:3/5:7/9:11/13:15/17:19/21:23,11/13; vt,0:r0[3],7/17; vt,1:r0[3],7/17; vt,2:r0[3],7/17",,7;17,,11;13,,"m0,m1,L,B,10,2/0,0;1,1",,"m0,m1,R,B,10,2/0,0;1,1",,,,,,,,,,,,N,,,0,0,,,N,,,,,,,,,,,,,,,,,,,,,,,
CTG132-NZ5-L-D:NLNK:OGD:REF:1TRK,"SDR CTGOGD,  N-Diff,type d - Leakage in OGD between single diff length gate, and single diff length TCN/epi",ch132,pp44,digital,24,4,5,40,4,4,1,1,"0:r0,0/3:4/7,0.046,plvt;0:r0,1:2/5:6,0.046,nlvt;","0:r0,0/r0,0.046,nlvt; 0:r0,1/r1,0.046,plvt; 0:3/r3:r0,2:r2[7],0.046,plvt; 0:3/r3:r0,3:r2[7],0.046,nlvt;0:3/r3:r0,4:r2[7],0.046,nlvt; 0:3/r3:r0,5:r2[7],0.046,plvt;  0:3/r3:r0,6:r2[7],0.046,plvt; 0:4/r3:r0,7:r2[7],0.046,nlvt;0:3/r3:r0,8:r2[7],0.046,nlvt; 0:4/r3:r0,9:r2[7],0.046,plvt;","0:24[3],2:5","0/2/r2/r0,0:r0;",,,,,,,,,,,,,,,,,"2:r2[5],1/r1",,"0:r0[3],0:4[3];  0:r0[3],r4:r0[3]; 2:r0[3],7:r5[19]; 2:r0[3],23:r5[19];","vg,1:3/5:7/9:11/13:15/17:19/21:23,3/7-bottom/13/17-bottom; vt,0:r0[3],4/6/14/16; vt,1:r0[3],4/6/14/16; vt,2:r0[3],4/6/14/16",,4;6;14;16,,3;7;13;17,,"m0,m1,L,B,10,2/0,0;1,1",,"m0,m1,R,B,10,2/0,0;1,1",,,,,,,,,,,,N,,,0,0,,,N,,,,,,,,,,,,,,,,,,,,,,,
CTG132-NPZ5-L-D:NLNK:OGD:REF:1TRK,"SDR CTGOGD,  NP-Diff,type d - Leakage in OGD between single diff length gate, and single diff length TCN/epi",ch132,pp44,digital,24,4,5,20,4,4,1,1,"0:r0,0:1/6:7,0.046,nlvt;0:r0,2:5,0.046,plvt;","0:r0,0:1,0.046,plvt; 0:r0,r1:r0,0.046,nlvt; 0:3/r3:r0,2:r2[7],0.046,nlvt; 0:3/r3:r0,3:r2[7],0.046,nlvt;0:3/r3:r0,8:r2[7],0.046,nlvt; 0:3/r3:r0,9:r2[7],0.046,nlvt;  0:3/r3:r0,4:r2[7],0.046,plvt; 0:4/r3:r0,5:r2[7],0.046,plvt;0:3/r3:r0,6:r2[7],0.046,plvt; 0:4/r3:r0,7:r2[7],0.046,plvt;","0:24[3],2:5","0/2/r2/r0,0:r0;",,,,,,,,,,,,,,,,,"2:r2[5],1/r1",,"0:r0[3],0:4[3];  0:r0[3],r4:r0[3]; 2:r0[3],7:r5[19]; 2:r0[3],23:r5[19];","vg,1:3/5:7/9:11/13:15/17:19/21:23,3/7-bottom/13/17-bottom; vt,0:r0[3],4/6/14/16; vt,1:r0[3],4/6/14/16; vt,2:r0[3],4/6/14/16",,4;6;14;16,,3;7;13;17,,"m0,m1,L,B,10,2/0,0;1,1",,"m0,m1,R,B,10,2/0,0;1,1",,,,,,,,,,,,N,,,0,0,,,N,,,,,,,,,,,,,,,,,,,,,,,
CTG132-PZ5-L-D:NLNK:OGD:REF:1TRK,"SDR CTGOGD,  P-Diff,type d - Leakage in OGD between single diff length gate, and single diff length TCN/epi",ch132,pp44,digital,24,4,5,10,4,4,1,1,"0:r0,0/3:4/7,0.046,nlvt;0:r0,1:2/5:6,0.046,plvt;","0:r0,0/r0,0.046,nlvt; 0:r0,1/r1,0.046,nlvt; 0:3/r3:r0,2:r2[7],0.046,nlvt; 0:3/r3:r0,3:r2[7],0.046,plvt;0:3/r3:r0,4:r2[7],0.046,plvt; 0:3/r3:r0,5:r2[7],0.046,nlvt;  0:3/r3:r0,6:r2[7],0.046,nlvt; 0:4/r3:r0,7:r2[7],0.046,plvt;0:3/r3:r0,8:r2[7],0.046,plvt; 0:4/r3:r0,9:r2[7],0.046,nlvt;","0:24[3],2:5","0/2/r2/r0,0:r0;",,,,,,,,,,,,,,,,,"2:r2[5],1/r1",,"0:r0[3],0:4[3];  0:r0[3],r4:r0[3]; 2:r0[3],7:r5[19]; 2:r0[3],23:r5[19];","vg,1:3/5:7/9:11/13:15/17:19/21:23,3/7-bottom/13/17-bottom; vt,0:r0[3],4/6/14/16; vt,1:r0[3],4/6/14/16; vt,2:r0[3],4/6/14/16",,4;6;14;16,,3;7;13;17,,"m0,m1,L,B,10,2/0,0;1,1",,"m0,m1,R,B,10,2/0,0;1,1",,,,,,,,,,,,N,,,0,0,,,N,,,,,,,,,,,,,,,,,,,,,,,
CTG165-NZ7-L-D:NLNK:OGD:REF:1TRK,"SDR CTGOGD,  N-Diff,type d - Leakage in OGD between single diff length gate, and single diff length TCN/epi",ch165,pp44,digital,24,4,5,20,4,4,1,1,"0:r0,0:1/6:7,0.062,plvt;0:r0,2:5,0.062,nlvt;","0:r0,0:1,0.062,nlvt; 0:r0,r1:r0,0.062,plvt; 0:3/r3:r0,2:r2[7],0.062,plvt; 0:3/r3:r0,3:r2[7],0.062,plvt;0:3/r3:r0,8:r2[7],0.062,plvt; 0:3/r3:r0,9:r2[7],0.062,plvt;  0:3/r3:r0,4:r2[7],0.062,nlvt; 0:4/r3:r0,5:r2[7],0.062,nlvt;0:3/r3:r0,6:r2[7],0.062,nlvt; 0:4/r3:r0,7:r2[7],0.062,nlvt;","0:24[3],2:5","0/2/r2/r0,0:r0;",,,,,,,,,,,,,,,,,"2:r2[5],2:4[1]/r4:r2[1]",,"0:r0[3],1:5[3];  0:r0[3],r5:r1[3]; 2:r0[3],7:r6[23]; 2:r0[3],29:r6[23];","vg,1:3/5:7/9:11/13:15/17:19/21:23,8-bottom/10/14-bottom/16; vt,0:r0[3],7/11/13/17; vt,1:r0[3],7/11/13/17; vt,2:r0[3],7/11/13/17",,7;11;13;17,,8;10;14;16,,"m0,m1,L,B,10,2/0,0;1,1",,"m0,m1,R,B,10,2/0,0;1,1",,,,,,,,,,,,N,,,0,0,,,N,,,,,,,,,,,,,,,,,,,,,,,
CTG165-NPZ7-L-D:NLNK:OGD:REF:1TRK,"SDR CTGOGD,  NP-Diff,type d - Leakage in OGD between single diff length gate, and single diff length TCN/epi",ch165,pp44,digital,24,4,5,50,4,4,1,1,"0:r0,0/3:4/7,0.062,plvt;0:r0,1:2/5:6,0.062,nlvt;","0:r0,0/r0,0.062,nlvt; 0:r0,1/r1,0.062,plvt; 0:3/r3:r0,2:r2[7],0.062,plvt; 0:3/r3:r0,3:r2[7],0.062,nlvt;0:3/r3:r0,4:r2[7],0.062,nlvt; 0:3/r3:r0,5:r2[7],0.062,plvt;  0:3/r3:r0,6:r2[7],0.062,plvt; 0:4/r3:r0,7:r2[7],0.062,nlvt;0:3/r3:r0,8:r2[7],0.062,nlvt; 0:4/r3:r0,9:r2[7],0.062,plvt;","0:24[3],2:5","0/2/r2/r0,0:r0;",,,,,,,,,,,,,,,,,"2:r2[5],2:4[1]/r4:r2[1]",,"0:r0[3],1:5[3];  0:r0[3],r5:r1[3]; 2:r0[3],7:r6[23]; 2:r0[3],29:r6[23];","vg,1:3/5:7/9:11/13:15/17:19/21:23,8-bottom/10/14-bottom/16; vt,0:r0[3],7/11/13/17; vt,1:r0[3],7/11/13/17; vt,2:r0[3],7/11/13/17",,7;11;13;17,,8;10;14;16,,"m0,m1,L,B,10,2/0,0;1,1",,"m0,m1,R,B,10,2/0,0;1,1",,,,,,,,,,,,N,,,0,0,,,N,,,,,,,,,,,,,,,,,,,,,,,
CTG165-PZ7-L-D:NLNK:OGD:REF:1TRK,"SDR CTGOGD,  P-Diff,type d - Leakage in OGD between single diff length gate, and single diff length TCN/epi",ch165,pp44,digital,24,4,5,60,4,4,1,1,"0:r0,0:1/6:7,0.062,nlvt;0:r0,2:5,0.062,plvt;","0:r0,0:1,0.062,plvt; 0:r0,r1:r0,0.062,nlvt; 0:3/r3:r0,2:r2[7],0.062,nlvt; 0:3/r3:r0,3:r2[7],0.062,nlvt;0:3/r3:r0,8:r2[7],0.062,nlvt; 0:3/r3:r0,9:r2[7],0.062,nlvt;  0:3/r3:r0,4:r2[7],0.062,plvt; 0:4/r3:r0,5:r2[7],0.062,plvt;0:3/r3:r0,6:r2[7],0.062,plvt; 0:4/r3:r0,7:r2[7],0.062,plvt;","0:24[3],2:5","0/2/r2/r0,0:r0;",,,,,,,,,,,,,,,,,"2:r2[5],2:4[1]/r4:r2[1]",,"0:r0[3],1:5[3];  0:r0[3],r5:r1[3]; 2:r0[3],7:r6[23]; 2:r0[3],29:r6[23];","vg,1:3/5:7/9:11/13:15/17:19/21:23,8-bottom/10/14-bottom/16; vt,0:r0[3],7/11/13/17; vt,1:r0[3],7/11/13/17; vt,2:r0[3],7/11/13/17",,7;11;13;17,,8;10;14;16,,"m0,m1,L,B,10,2/0,0;1,1",,"m0,m1,R,B,10,2/0,0;1,1",,,,,,,,,,,,N,,,0,0,,,N,,,,,,,,,,,,,,,,,,,,,,,
GATEETE-NZ7-L-A:SDR:OGD:REF:2TRK,"SDR CTGOGD, N-Diff, type a",ch165,pp44,digital,24,4,5,50,4,4,1,1,"0:r0,0:1/6:7,0.062,pelvt;0:r0,2:5,0.062,nelvt;","0:r0,0:1,0.062,pelvt; 0:r0,r1:r0,0.062,nelvt; 0:3/r3:r0,2:r2[7],0.062,nelvt; 0:3/r3:r0,3:r2[7],0.062,nelvt; 0:3/r3:r0,4:r2[7],0.062,pelvt; 0:3/r3:r0,5:r2[7],0.062,pelvt;","0:24[3],0:r0","0/2/r2/r0,0:r0;","1:3/5:7/9:11/13:15/17:19/21:23,3/4",,"0:r0,4/5",,,,,,,,,,,,,,"2:r2[5],2:4[1]/r4:r2[1]",,"0:r0[3],1:5[3];  0:r0[3],r5:r1[3]; 2:r0[3],7:r6[23]; 2:r0[3],29:r6[23];","vg,1:3/5:7/9:11/13:15/17:19/21:23,17|0.00,0.0,-0.05,0.0",,7,,17,,"m0,m1,L,B,10,2/0,0;1,1",,"m0,m1,R,B,10,2/0,0;1,1",,,,,,,,,,,,N,,,0,0,,,N,,,,LO2 HI2,autowire,CC,CC,BP31,R0,S8.0 W9.0 N0.5,31,S8.0 E9.0 N0.5,32,,,,,,,,,31,32
GATEETE-PZ5-L-B:NGLK:OGD:REF:2TRK,"SDR CTGOGD,  P-Diff,type b - Leakage in OGD between single diff length gate, and 2 diff length TCN/epi",ch132,pp44,digital,24,4,5,30,4,4,1,1,"0:r0,0:1/6:7,0.046,nulvt;0:r0,2:5,0.046,pulvt;","0:r0,0:1,0.046,nulvt; 0:r0,r1:r0,0.046,pulvt; 0:3/r3:r0,2:r2[7],0.046,pulvt; 0:3/r3:r0,3:r2[7],0.046,pulvt; 0:3/r3:r0,8:r2[7],0.046,pulvt; 0:3/r3:r0,9:r2[7],0.046,pulvt; 0:3/r3:r0,4:r2[7],0.046,nulvt; 0:3/r3:r0,5:r2[7],0.046,nulvt; 0:3/r3:r0,6:r2[7],0.046,nulvt; 0:3/r3:r0,7:r2[7],0.046,nulvt;","0:24[3],2:5","0/2/r2/r0,0:r0;",,,"0:r0,3/5",,,,,,,,,,,,,,"2:r2[5],1:3[1]/r3:r1[1]",,"0:r0[3],0:4[3];  0:r0[3],r4:r0[3]; 2:r0[3],7:r5[19]; 2:r0[3],23:r5[19];","vg,1:3/5:7/9:11/13:15/17:19/21:23,9/11/6/14",,9;6,,11;14,,"m0,m1,L,B,10,2/0,0;1,1",,"m0,m1,R,B,10,2/0,0;1,1",,,,,,,,,,,,N,,,0,0,,,N,,,,LO2 HI2,autowire,CC,CC,BP33,R0,S8.0 W9.0 N0.5,33,S8.0 E9.0 N0.5,34,,,,,,,,,33,34
TCNETE-NZ7-L-C:NTLK:OGD:REF:2TRK,"SDR CTGOGD,  N-Diff,type c  - Leakage in OGD between double diff length gate, and single diff length TCN/epi",ch165,pp44,digital,24,4,5,20,4,4,1,1,"0:r0,0:1/6:7,0.062,psvt;0:r0,2:5,0.062,nsvt;","0:r0,0:1,0.062,psvt; 0:r0,r1:r0,0.062,nsvt; 0:3/r3:r0,2:r2[7],0.062,nsvt; 0:3/r3:r0,3:r2[7],0.062,nsvt; 0:3/r3:r0,8:r2[7],0.062,nsvt; 0:3/r3:r0,9:r2[7],0.062,nsvt; 0:3/r3:r0,4:r2[7],0.062,psvt; 0:3/r3:r0,5:r2[7],0.062,psvt; 0:3/r3:r0,6:r2[7],0.062,psvt; 0:3/r3:r0,7:r2[7],0.062,psvt;","0:24[3],2:5","0/2/r2/r0,0:r0;","1:3/5:7/9:11/13:15/17:19/21:23,3/5",,,,,,,,,,,,,,,,"2:r2[5],2:4[1]/r4:r2[1]",,"0:r0[3],1:5[3];  0:r0[3],r5:r1[3]; 2:r0[3],7:r6[23]; 2:r0[3],29:r6[23];","vt,1:3/5:7/9:11/13:15/17:19/21:23,11/13/7/17",,13;7,,11;17,,"m0,m1,L,B,10,2/0,0;1,1",,"m0,m1,R,B,10,2/0,0;1,1",,,,,,,,,,,,N,,,0,0,,,N,,,,LO2 HI2,autowire,CC,CC,BP34,R0,S8.0 W9.0 N0.5,34,S8.0 E9.0 N0.5,35,,,,,,,,,34,35
TCNETE-PZ5-L-D:NLNK:OGD:REF:1TRK,"SDR CTGOGD,  P-Diff,type d - Leakage in OGD between single diff length gate, and single diff length TCN/epi",ch132,pp44,digital,24,4,5,10,4,4,1,1,"0:r0,0/3:4/7,0.046,phvt;0:r0,1:2/5:6,0.046,nhvt;","0:r0,0:1,0.046,nhvt; 0:r0,r1:r0,0.046,phvt; 0:3/r3:r0,4:r2[7],0.046,phvt; 0:3/r3:r0,5:r2[7],0.046,phvt; 0:3/r3:r0,6:r2[7],0.046,phvt; 0:3/r3:r0,7:r2[7],0.046,phvt; 0:3/r3:r0,2:r2[7],0.046,nhvt; 0:3/r3:r0,3:r2[7],0.046,nhvt; 0:3/r3:r0,8:r2[7],0.046,nhvt; 0:3/r3:r0,9:r2[7],0.046,nhvt;","0:24[3],2:5","0/2/r2/r0,0:r0;",,,,,,,,,,,,,,,,,"2:r2[5],1/r1",,"0:r0[3],0:4[3];  0:r0[3],r4:r0[3]; 2:r0[3],7:r5[19]; 2:r0[3],23:r5[19];","vt,1:3/5:7/9:11/13:15/17:19/21:23,3/7/14/16",,3;7,,14;16,,"m0,m1,L,B,10,2/0,0;1,1",,"m0,m1,R,B,10,2/0,0;1,1",,,,,,,,,,,,N,,,0,0,,,N,,,,LO2 HI2,autowire,CC,CC,BP35,R0,S8.0 W9.0 N0.5,35,S8.0 E9.0 N0.5,36,,,,,,,,,35,36
GATEETE-NPZ5-S-A:SDR:OGD:REF:2TRK,"SDR CTGOGD, NP-Diff, type a",ch132,pp44,digital,24,4,5,20,4,4,1,1,"0:r0,2:3/6:7,0.046,nelvt;0:r0,0:1/4:5,0.046,pelvt;","0:r0,0:1,0.046,pelvt; 0:r0,r1:r0,0.046,nelvt; 0:3/r3:r0,2:r2[3],0.046,nelvt; 0:3/r3:r0,3:r2[3],0.046,nelvt; 0:3/r3:r0,4:r2[3],0.046,pelvt; 0:3/r3:r0,5:r2[3],0.046,pelvt;","0:24[3],2:5","0/2/r2/r0,0:r0;","1:3/5:7/9:11/13:15/17:19/21:23,3/4",,"0:r0,4/5",,,,,,,,,,,,,,"2:r2[5],1:3[1]/r3:r1[1]",,"0:r0[3],0:4[3];  0:r0[3],r4:r0[3]; 2:r0[3],7:r5[19]; 2:r0[3],23:r5[19];","vg,1:3/5:7/9:11/13:15/17:19/21:23,14/6",,6,,14,,"m0,m1,L,B,10,2/0,0;1,1",,"m0,m1,R,B,10,2/0,0;1,1",,,,,,,,,,,,N,,,0,0,,,N,,,,LO2 HI2,autowire,CC,CC,BP36,R0,S8.0 W9.0 N0.5,36,S8.0 E9.0 N0.5,37,,,,,,,,,36,37
TCNETE-NPZ7-L-B:NGLK:OGD:REF:2TRK,"SDR CTGOGD,  NP-Diff,type b - Leakage in OGD between single diff length gate, and 2 diff length TCN/epi",ch165,pp44,digital,24,4,5,40,4,4,1,1,"0:r0,0/3:4/7,0.062,plvt;0:r0,1:2/5:6,0.062,nlvt;","0:r0,0/r0,0.062,nlvt; 0:r0,1/r1,0.062,plvt; 0:3/r3:r0,2:r2[7],0.062,plvt; 0:3/r3:r0,3:r2[7],0.062,nlvt;0:3/r3:r0,4:r2[7],0.062,nlvt; 0:3/r3:r0,5:r2[7],0.062,plvt;  0:3/r3:r0,6:r2[7],0.062,plvt; 0:4/r3:r0,7:r2[7],0.062,nlvt;0:3/r3:r0,8:r2[7],0.062,nlvt; 0:4/r3:r0,9:r2[7],0.062,plvt;","0:24[3],2:5","0/2/r2/r0,0:r0;",,,"0:r0,3/5",,,,,,,,,,,,,,"2:r2[5],2:4[1]/r4:r2[1]",,"0:r0[3],1:5[3];  0:r0[3],r5:r1[3]; 2:r0[3],7:r6[23]; 2:r0[3],29:r6[23];","vt,1:3/5:7/9:11/13:15/17:19/21:23,7/11|0.002,0.005,-0.05,0.005",,7;11,,17;13,,"m0,m1,L,B,10,2/0,0;1,1",,"m0,m1,R,B,10,2/0,0;1,1",,,,,,,,,,,,N,,,0,0,,,N,,,,LO2 HI2,autowire,CC,CC,BP37,R0,S8.0 W9.0 N0.5,37,S8.0 E9.0 N0.5,38,,,,,,,,,37,38
